genome,score
B4018L.2.fa,71.70553685770354
K4093L.5.fa,51.59994591172721
W4194L.6.fa,74.46744895497324
K4096L.2.fa,9.146640938015924
W4194L.3.fa,35.83686836263664
L4105L.2.fa,52.75359833035547
