genome,cluster,score
W4194L.6.fa,1_1,74.46744895497324
W4194L.3.fa,2_1,35.83686836263664
L4105L.2.fa,3_0,52.75359833035547
